Author,Message,Timestamp


Olivers-MacBook-Air,Hello message number: 0,1696110968
Olivers-MacBook-Air,Hello message number: 1,1696110968
Olivers-MacBook-Air,Hello message number: 2,1696110968
Olivers-MacBook-Air,Hello message number: 3,1696110968
Olivers-MacBook-Air,Hello message number: 4,1696110968
Olivers-MacBook-Air,Hello message number: 5,1696110968
Olivers-MacBook-Air,Hello message number: 6,1696110968
Olivers-MacBook-Air,Hello message number: 7,1696110968
Olivers-MacBook-Air,Hello message number: 8,1696110968
Olivers-MacBook-Air,Hello message number: 9,1696110968Author,Message,Timestamp


Olivers-MacBook-Air,Hello message number: 0,1696111607
Olivers-MacBook-Air,Hello message number: 1,1696111607
Olivers-MacBook-Air,Hello message number: 2,1696111607
Olivers-MacBook-Air,Hello message number: 3,1696111607
Olivers-MacBook-Air,Hello message number: 4,1696111607
Olivers-MacBook-Air,Hello message number: 5,1696111607
Olivers-MacBook-Air,Hello message number: 6,1696111607
Olivers-MacBook-Air,Hello message number: 7,1696111607
Olivers-MacBook-Air,Hello message number: 8,1696111607
Olivers-MacBook-Air,Hello message number: 9,1696111607
Olivers-MacBook-Air,This is a test Chrip,1696111607